{
  "Filemodel": [
    {
      "UserName": null,
      "FileName": "aaaaa.docx",
      "FilePath": "C:\\Vamsi\\aaaaa.docx",
      "FileAction": "Upload",
      "FileActionDate": "2020-08-26T20:21:22.812365+05:30",
      "Filestatus": "uploaded",
      "FilestatusDesc": "Uploaded Successfully"
    },
    {
      "UserName": null,
      "FileName": "FL.txt",
      "FilePath": "C:\\Vamsi\\FL.txt",
      "FileAction": "Upload",
      "FileActionDate": "2020-08-26T20:21:23.9024273+05:30",
      "Filestatus": "uploaded",
      "FilestatusDesc": "Uploaded Successfully"
    },
    {
      "UserName": null,
      "FileName": "New Text Document (10).txt",
      "FilePath": "C:\\Vamsi\\New Text Document (10).txt",
      "FileAction": "Upload",
      "FileActionDate": "2020-08-26T20:21:24.911485+05:30",
      "Filestatus": "uploaded",
      "FilestatusDesc": "Uploaded Successfully"
    },
    {
      "UserName": null,
      "FileName": "New Text Document (11).txt",
      "FilePath": "C:\\Vamsi\\New Text Document (11).txt",
      "FileAction": "Upload",
      "FileActionDate": "2020-08-26T20:21:25.9145424+05:30",
      "Filestatus": "uploaded",
      "FilestatusDesc": "Uploaded Successfully"
    },
    {
      "UserName": null,
      "FileName": "New Text Document (2).txt",
      "FilePath": "C:\\Vamsi\\New Text Document (2).txt",
      "FileAction": "Upload",
      "FileActionDate": "2020-08-26T20:21:26.9165997+05:30",
      "Filestatus": "uploaded",
      "FilestatusDesc": "Uploaded Successfully"
    },
    {
      "UserName": null,
      "FileName": "New Text Document (3).txt",
      "FilePath": "C:\\Vamsi\\New Text Document (3).txt",
      "FileAction": "Upload",
      "FileActionDate": "2020-08-26T20:21:27.9196571+05:30",
      "Filestatus": "uploaded",
      "FilestatusDesc": "Uploaded Successfully"
    },
    {
      "UserName": null,
      "FileName": "New Text Document (4).txt",
      "FilePath": "C:\\Vamsi\\New Text Document (4).txt",
      "FileAction": "Upload",
      "FileActionDate": "2020-08-26T20:21:28.9217144+05:30",
      "Filestatus": "uploaded",
      "FilestatusDesc": "Uploaded Successfully"
    },
    {
      "UserName": null,
      "FileName": "New Text Document (6).txt",
      "FilePath": "C:\\Vamsi\\New Text Document (6).txt",
      "FileAction": "Upload",
      "FileActionDate": "2020-08-26T20:21:29.9247718+05:30",
      "Filestatus": "uploaded",
      "FilestatusDesc": "Uploaded Successfully"
    },
    {
      "UserName": null,
      "FileName": "New Text Document (7).txt",
      "FilePath": "C:\\Vamsi\\New Text Document (7).txt",
      "FileAction": "Upload",
      "FileActionDate": "2020-08-26T20:21:30.9278292+05:30",
      "Filestatus": "uploaded",
      "FilestatusDesc": "Uploaded Successfully"
    },
    {
      "UserName": null,
      "FileName": "New Text Document (8).txt",
      "FilePath": "C:\\Vamsi\\New Text Document (8).txt",
      "FileAction": "Upload",
      "FileActionDate": "2020-08-26T20:21:31.9308865+05:30",
      "Filestatus": "uploaded",
      "FilestatusDesc": "Uploaded Successfully"
    },
    {
      "UserName": null,
      "FileName": "New Text Document (9).txt",
      "FilePath": "C:\\Vamsi\\New Text Document (9).txt",
      "FileAction": "Upload",
      "FileActionDate": "2020-08-26T20:21:32.934944+05:30",
      "Filestatus": "uploaded",
      "FilestatusDesc": "Uploaded Successfully"
    },
    {
      "UserName": null,
      "FileName": "New Text Document.txt",
      "FilePath": "C:\\Vamsi\\New Text Document.txt",
      "FileAction": "Upload",
      "FileActionDate": "2020-08-26T20:21:33.9380013+05:30",
      "Filestatus": "uploaded",
      "FilestatusDesc": "Uploaded Successfully"
    },
    {
      "UserName": null,
      "FileName": "test.txt",
      "FilePath": "C:\\Vamsi\\test.txt",
      "FileAction": "Upload",
      "FileActionDate": "2020-08-26T20:21:34.9410587+05:30",
      "Filestatus": "uploaded",
      "FilestatusDesc": "Uploaded Successfully"
    },
    {
      "UserName": null,
      "FileName": "procedure.txt",
      "FilePath": "C:\\Vamsi\\Easy-Ref2903\\procedure.txt",
      "FileAction": "Upload",
      "FileActionDate": "2020-08-26T20:21:35.9541166+05:30",
      "Filestatus": "uploaded",
      "FilestatusDesc": "Uploaded Successfully"
    },
    {
      "UserName": null,
      "FileName": "Easy-Ref.Business.csproj.FileListAbsolute.txt",
      "FilePath": "C:\\Vamsi\\Easy-Ref2903\\Easy-Ref.Business\\obj\\Debug\\Easy-Ref.Business.csproj.FileListAbsolute.txt",
      "FileAction": "Upload",
      "FileActionDate": "2020-08-26T20:21:37.166186+05:30",
      "Filestatus": "uploaded",
      "FilestatusDesc": "Uploaded Successfully"
    },
    {
      "UserName": null,
      "FileName": "Easy-Ref.EntityService.csproj.FileListAbsolute.txt",
      "FilePath": "C:\\Vamsi\\Easy-Ref2903\\Easy-Ref.Business\\obj\\Debug\\Easy-Ref.EntityService.csproj.FileListAbsolute.txt",
      "FileAction": "Upload",
      "FileActionDate": "2020-08-26T20:21:38.1702434+05:30",
      "Filestatus": "uploaded",
      "FilestatusDesc": "Uploaded Successfully"
    },
    {
      "UserName": null,
      "FileName": "Easy-Ref.EntityService.csproj.FileListAbsolute.txt",
      "FilePath": "C:\\Vamsi\\Easy-Ref2903\\Easy-Ref.Business\\obj\\Release\\Easy-Ref.EntityService.csproj.FileListAbsolute.txt",
      "FileAction": "Upload",
      "FileActionDate": "2020-08-26T20:21:39.1793011+05:30",
      "Filestatus": "uploaded",
      "FilestatusDesc": "Uploaded Successfully"
    },
    {
      "UserName": null,
      "FileName": "Easy-Ref.Presentation.csproj.FileListAbsolute.txt",
      "FilePath": "C:\\Vamsi\\Easy-Ref2903\\Easy-Ref.Presentation\\obj\\Debug\\Easy-Ref.Presentation.csproj.FileListAbsolute.txt",
      "FileAction": "Upload",
      "FileActionDate": "2020-08-26T20:21:40.2163604+05:30",
      "Filestatus": "uploaded",
      "FilestatusDesc": "Uploaded Successfully"
    },
    {
      "UserName": null,
      "FileName": "Easy-Ref.Presentation.csproj.FileListAbsolute.txt",
      "FilePath": "C:\\Vamsi\\Easy-Ref2903\\Easy-Ref.Presentation\\obj\\Release\\Easy-Ref.Presentation.csproj.FileListAbsolute.txt",
      "FileAction": "Upload",
      "FileActionDate": "2020-08-26T20:21:41.222418+05:30",
      "Filestatus": "uploaded",
      "FilestatusDesc": "Uploaded Successfully"
    },
    {
      "UserName": null,
      "FileName": "_WPPLastBuildInfo.txt",
      "FilePath": "C:\\Vamsi\\Easy-Ref2903\\Easy-Ref.Presentation\\obj\\Release\\_WPPLastBuildInfo.txt",
      "FileAction": "Upload",
      "FileActionDate": "2020-08-26T20:21:42.2264754+05:30",
      "Filestatus": "uploaded",
      "FilestatusDesc": "Uploaded Successfully"
    },
    {
      "UserName": null,
      "FileName": "LICENSE.txt",
      "FilePath": "C:\\Vamsi\\Easy-Ref2903\\Easy-Ref.Presentation\\Scripts\\fa\\LICENSE.txt",
      "FileAction": "Upload",
      "FileActionDate": "2020-08-26T20:21:43.2895362+05:30",
      "Filestatus": "uploaded",
      "FilestatusDesc": "Uploaded Successfully"
    },
    {
      "UserName": null,
      "FileName": "LICENSE.txt",
      "FilePath": "C:\\Vamsi\\Easy-Ref2903\\packages\\bootstrap.3.4.1\\LICENSE.txt",
      "FileAction": "Upload",
      "FileActionDate": "2020-08-26T20:21:44.3575973+05:30",
      "Filestatus": "uploaded",
      "FilestatusDesc": "Uploaded Successfully"
    },
    {
      "UserName": null,
      "FileName": "about_EntityFramework.help.txt",
      "FilePath": "C:\\Vamsi\\Easy-Ref2903\\packages\\EntityFramework.6.2.0\\tools\\about_EntityFramework.help.txt",
      "FileAction": "Upload",
      "FileActionDate": "2020-08-26T20:21:45.3866562+05:30",
      "Filestatus": "uploaded",
      "FilestatusDesc": "Uploaded Successfully"
    },
    {
      "UserName": null,
      "FileName": "lgpl-3.0.txt",
      "FilePath": "C:\\Vamsi\\Easy-Ref2903\\packages\\EPPlus.4.5.3.3\\lgpl-3.0.txt",
      "FileAction": "Upload",
      "FileActionDate": "2020-08-26T20:21:46.3907136+05:30",
      "Filestatus": "uploaded",
      "FilestatusDesc": "Uploaded Successfully"
    },
    {
      "UserName": null,
      "FileName": "readme.txt",
      "FilePath": "C:\\Vamsi\\Easy-Ref2903\\packages\\EPPlus.4.5.3.3\\readme.txt",
      "FileAction": "Upload",
      "FileActionDate": "2020-08-26T20:21:47.394771+05:30",
      "Filestatus": "uploaded",
      "FilestatusDesc": "Uploaded Successfully"
    },
    {
      "UserName": null,
      "FileName": "Readme.txt",
      "FilePath": "C:\\Vamsi\\Microsoft_Office_2016_Professional_16.0.4615.1000_Nov_2017x86\\Crack\\Readme.txt",
      "FileAction": "Upload",
      "FileActionDate": "2020-08-26T20:21:48.5538373+05:30",
      "Filestatus": "uploaded",
      "FilestatusDesc": "Uploaded Successfully"
    },
    {
      "UserName": null,
      "FileName": "ww.txt",
      "FilePath": "C:\\Vamsi\\New Features\\ww.txt",
      "FileAction": "Upload",
      "FileActionDate": "2020-08-26T20:21:49.5638951+05:30",
      "Filestatus": "uploaded",
      "FilestatusDesc": "Uploaded Successfully"
    },
    {
      "UserName": null,
      "FileName": "procedure.txt",
      "FilePath": "C:\\Vamsi\\New Features\\Easy-Ref2903\\procedure.txt",
      "FileAction": "Upload",
      "FileActionDate": "2020-08-26T20:21:50.5689526+05:30",
      "Filestatus": "uploaded",
      "FilestatusDesc": "Uploaded Successfully"
    },
    {
      "UserName": null,
      "FileName": "Easy-Ref.Business.csproj.FileListAbsolute.txt",
      "FilePath": "C:\\Vamsi\\New Features\\Easy-Ref2903\\Easy-Ref.Business\\obj\\Debug\\Easy-Ref.Business.csproj.FileListAbsolute.txt",
      "FileAction": "Upload",
      "FileActionDate": "2020-08-26T20:21:51.7990229+05:30",
      "Filestatus": "uploaded",
      "FilestatusDesc": "Uploaded Successfully"
    },
    {
      "UserName": null,
      "FileName": "Easy-Ref.EntityService.csproj.FileListAbsolute.txt",
      "FilePath": "C:\\Vamsi\\New Features\\Easy-Ref2903\\Easy-Ref.Business\\obj\\Debug\\Easy-Ref.EntityService.csproj.FileListAbsolute.txt",
      "FileAction": "Upload",
      "FileActionDate": "2020-08-26T20:21:52.8020803+05:30",
      "Filestatus": "uploaded",
      "FilestatusDesc": "Uploaded Successfully"
    },
    {
      "UserName": null,
      "FileName": "Easy-Ref.EntityService.csproj.FileListAbsolute.txt",
      "FilePath": "C:\\Vamsi\\New Features\\Easy-Ref2903\\Easy-Ref.Business\\obj\\Release\\Easy-Ref.EntityService.csproj.FileListAbsolute.txt",
      "FileAction": "Upload",
      "FileActionDate": "2020-08-26T20:21:53.8131381+05:30",
      "Filestatus": "uploaded",
      "FilestatusDesc": "Uploaded Successfully"
    },
    {
      "UserName": null,
      "FileName": "Easy-Ref.Presentation.csproj.FileListAbsolute.txt",
      "FilePath": "C:\\Vamsi\\New Features\\Easy-Ref2903\\Easy-Ref.Presentation\\obj\\Debug\\Easy-Ref.Presentation.csproj.FileListAbsolute.txt",
      "FileAction": "Upload",
      "FileActionDate": "2020-08-26T20:21:54.8691985+05:30",
      "Filestatus": "uploaded",
      "FilestatusDesc": "Uploaded Successfully"
    },
    {
      "UserName": null,
      "FileName": "Easy-Ref.Presentation.csproj.FileListAbsolute.txt",
      "FilePath": "C:\\Vamsi\\New Features\\Easy-Ref2903\\Easy-Ref.Presentation\\obj\\Release\\Easy-Ref.Presentation.csproj.FileListAbsolute.txt",
      "FileAction": "Upload",
      "FileActionDate": "2020-08-26T20:21:55.8802564+05:30",
      "Filestatus": "uploaded",
      "FilestatusDesc": "Uploaded Successfully"
    },
    {
      "UserName": null,
      "FileName": "_WPPLastBuildInfo.txt",
      "FilePath": "C:\\Vamsi\\New Features\\Easy-Ref2903\\Easy-Ref.Presentation\\obj\\Release\\_WPPLastBuildInfo.txt",
      "FileAction": "Upload",
      "FileActionDate": "2020-08-26T20:21:56.8853138+05:30",
      "Filestatus": "uploaded",
      "FilestatusDesc": "Uploaded Successfully"
    },
    {
      "UserName": null,
      "FileName": "LICENSE.txt",
      "FilePath": "C:\\Vamsi\\New Features\\Easy-Ref2903\\Easy-Ref.Presentation\\Scripts\\fa\\LICENSE.txt",
      "FileAction": "Upload",
      "FileActionDate": "2020-08-26T20:21:57.972376+05:30",
      "Filestatus": "uploaded",
      "FilestatusDesc": "Uploaded Successfully"
    },
    {
      "UserName": null,
      "FileName": "LICENSE.txt",
      "FilePath": "C:\\Vamsi\\New Features\\Easy-Ref2903\\packages\\bootstrap.3.4.1\\LICENSE.txt",
      "FileAction": "Upload",
      "FileActionDate": "2020-08-26T20:21:59.0594382+05:30",
      "Filestatus": "uploaded",
      "FilestatusDesc": "Uploaded Successfully"
    },
    {
      "UserName": null,
      "FileName": "about_EntityFramework.help.txt",
      "FilePath": "C:\\Vamsi\\New Features\\Easy-Ref2903\\packages\\EntityFramework.6.2.0\\tools\\about_EntityFramework.help.txt",
      "FileAction": "Upload",
      "FileActionDate": "2020-08-26T20:22:00.0934973+05:30",
      "Filestatus": "uploaded",
      "FilestatusDesc": "Uploaded Successfully"
    },
    {
      "UserName": null,
      "FileName": "lgpl-3.0.txt",
      "FilePath": "C:\\Vamsi\\New Features\\Easy-Ref2903\\packages\\EPPlus.4.5.3.3\\lgpl-3.0.txt",
      "FileAction": "Upload",
      "FileActionDate": "2020-08-26T20:22:01.0985548+05:30",
      "Filestatus": "uploaded",
      "FilestatusDesc": "Uploaded Successfully"
    },
    {
      "UserName": null,
      "FileName": "readme.txt",
      "FilePath": "C:\\Vamsi\\New Features\\Easy-Ref2903\\packages\\EPPlus.4.5.3.3\\readme.txt",
      "FileAction": "Upload",
      "FileActionDate": "2020-08-26T20:22:02.1046124+05:30",
      "Filestatus": "uploaded",
      "FilestatusDesc": "Uploaded Successfully"
    },
    {
      "UserName": null,
      "FileName": "about_EntityFramework.help.txt",
      "FilePath": "C:\\Vamsi\\New Features\\header\\packages\\entityframework.5.0.0\\tools\\about_EntityFramework.help.txt",
      "FileAction": "Upload",
      "FileActionDate": "2020-08-26T20:22:03.234677+05:30",
      "Filestatus": "uploaded",
      "FilestatusDesc": "Uploaded Successfully"
    },
    {
      "UserName": null,
      "FileName": "Entity_Framework_MVC.csproj.FileListAbsolute.txt",
      "FilePath": "C:\\Vamsi\\New Features\\header\\WebGrid_Freeze_Header_MVC\\obj\\debug\\Entity_Framework_MVC.csproj.FileListAbsolute.txt",
      "FileAction": "Upload",
      "FileActionDate": "2020-08-26T20:22:04.266736+05:30",
      "Filestatus": "uploaded",
      "FilestatusDesc": "Uploaded Successfully"
    },
    {
      "UserName": null,
      "FileName": "WebGrid_EF_MVC.csproj.FileListAbsolute.txt",
      "FilePath": "C:\\Vamsi\\New Features\\header\\WebGrid_Freeze_Header_MVC\\obj\\debug\\WebGrid_EF_MVC.csproj.FileListAbsolute.txt",
      "FileAction": "Upload",
      "FileActionDate": "2020-08-26T20:22:05.2707935+05:30",
      "Filestatus": "uploaded",
      "FilestatusDesc": "Uploaded Successfully"
    },
    {
      "UserName": null,
      "FileName": "WebGrid_Freeze_Header_MVC.csproj.FileListAbsolute.txt",
      "FilePath": "C:\\Vamsi\\New Features\\header\\WebGrid_Freeze_Header_MVC\\obj\\debug\\WebGrid_Freeze_Header_MVC.csproj.FileListAbsolute.txt",
      "FileAction": "Upload",
      "FileActionDate": "2020-08-26T20:22:06.2738508+05:30",
      "Filestatus": "uploaded",
      "FilestatusDesc": "Uploaded Successfully"
    },
    {
      "UserName": null,
      "FileName": "New Text Document (2).txt",
      "FilePath": "C:\\Vamsi\\Recovery tool\\New Text Document (2).txt",
      "FileAction": "Upload",
      "FileActionDate": "2020-08-26T20:22:07.2969094+05:30",
      "Filestatus": "uploaded",
      "FilestatusDesc": "Uploaded Successfully"
    },
    {
      "UserName": null,
      "FileName": "New Text Document.txt",
      "FilePath": "C:\\Vamsi\\Recovery tool\\New Text Document.txt",
      "FileAction": "Upload",
      "FileActionDate": "2020-08-26T20:22:08.3029669+05:30",
      "Filestatus": "uploaded",
      "FilestatusDesc": "Uploaded Successfully"
    },
    {
      "UserName": null,
      "FileName": "BackupManager.csproj.FileListAbsolute.txt",
      "FilePath": "C:\\Vamsi\\Recovery tool\\DataRecovery\\BackupManager\\obj\\Debug\\BackupManager.csproj.FileListAbsolute.txt",
      "FileAction": "Upload",
      "FileActionDate": "2020-08-26T20:22:09.3480267+05:30",
      "Filestatus": "uploaded",
      "FilestatusDesc": "Uploaded Successfully"
    },
    {
      "UserName": null,
      "FileName": "BackupManager.csproj.FileListAbsolute.txt",
      "FilePath": "C:\\Vamsi\\Recovery tool\\DataRecovery\\BackupManager\\obj\\Release\\BackupManager.csproj.FileListAbsolute.txt",
      "FileAction": "Upload",
      "FileActionDate": "2020-08-26T20:22:10.3610846+05:30",
      "Filestatus": "uploaded",
      "FilestatusDesc": "Uploaded Successfully"
    },
    {
      "UserName": null,
      "FileName": "DataBaseManager.csproj.FileListAbsolute.txt",
      "FilePath": "C:\\Vamsi\\Recovery tool\\DataRecovery\\DataBaseManager\\obj\\Debug\\DataBaseManager.csproj.FileListAbsolute.txt",
      "FileAction": "Upload",
      "FileActionDate": "2020-08-26T20:22:11.3831431+05:30",
      "Filestatus": "uploaded",
      "FilestatusDesc": "Uploaded Successfully"
    },
    {
      "UserName": null,
      "FileName": "DataBaseManager.csproj.FileListAbsolute.txt",
      "FilePath": "C:\\Vamsi\\Recovery tool\\DataRecovery\\DataBaseManager\\obj\\Release\\DataBaseManager.csproj.FileListAbsolute.txt",
      "FileAction": "Upload",
      "FileActionDate": "2020-08-26T20:22:12.3932008+05:30",
      "Filestatus": "uploaded",
      "FilestatusDesc": "Uploaded Successfully"
    },
    {
      "UserName": null,
      "FileName": "DataRecovery.Common.csproj.FileListAbsolute.txt",
      "FilePath": "C:\\Vamsi\\Recovery tool\\DataRecovery\\DataRecovery.Common\\obj\\Debug\\DataRecovery.Common.csproj.FileListAbsolute.txt",
      "FileAction": "Upload",
      "FileActionDate": "2020-08-26T20:22:13.4392607+05:30",
      "Filestatus": "uploaded",
      "FilestatusDesc": "Uploaded Successfully"
    },
    {
      "UserName": null,
      "FileName": "DataRecovery.Common.csproj.FileListAbsolute.txt",
      "FilePath": "C:\\Vamsi\\Recovery tool\\DataRecovery\\DataRecovery.Common\\obj\\Release\\DataRecovery.Common.csproj.FileListAbsolute.txt",
      "FileAction": "Upload",
      "FileActionDate": "2020-08-26T20:22:14.4463183+05:30",
      "Filestatus": "uploaded",
      "FilestatusDesc": "Uploaded Successfully"
    },
    {
      "UserName": null,
      "FileName": "DataRecoveryApp.csproj.FileListAbsolute.txt",
      "FilePath": "C:\\Vamsi\\Recovery tool\\DataRecovery\\DataRecoveryApp\\obj\\Debug\\DataRecoveryApp.csproj.FileListAbsolute.txt",
      "FileAction": "Upload",
      "FileActionDate": "2020-08-26T20:22:15.4623764+05:30",
      "Filestatus": "uploaded",
      "FilestatusDesc": "Uploaded Successfully"
    },
    {
      "UserName": null,
      "FileName": "DataRecoveryApp.csproj.FileListAbsolute.txt",
      "FilePath": "C:\\Vamsi\\Recovery tool\\DataRecovery\\DataRecoveryApp\\obj\\Release\\DataRecoveryApp.csproj.FileListAbsolute.txt",
      "FileAction": "Upload",
      "FileActionDate": "2020-08-26T20:22:16.469434+05:30",
      "Filestatus": "uploaded",
      "FilestatusDesc": "Uploaded Successfully"
    },
    {
      "UserName": null,
      "FileName": "DataRecoveryService.csproj.FileListAbsolute.txt",
      "FilePath": "C:\\Vamsi\\Recovery tool\\DataRecovery\\DataRecoveryService\\obj\\Debug\\DataRecoveryService.csproj.FileListAbsolute.txt",
      "FileAction": "Upload",
      "FileActionDate": "2020-08-26T20:22:17.5074934+05:30",
      "Filestatus": "uploaded",
      "FilestatusDesc": "Uploaded Successfully"
    },
    {
      "UserName": null,
      "FileName": "DataRecoveryService.csproj.FileListAbsolute.txt",
      "FilePath": "C:\\Vamsi\\Recovery tool\\DataRecovery\\DataRecoveryService\\obj\\Release\\DataRecoveryService.csproj.FileListAbsolute.txt",
      "FileAction": "Upload",
      "FileActionDate": "2020-08-26T20:22:18.5215514+05:30",
      "Filestatus": "uploaded",
      "FilestatusDesc": "Uploaded Successfully"
    },
    {
      "UserName": null,
      "FileName": "Datarecovery.FileMonitor.csproj.FileListAbsolute.txt",
      "FilePath": "C:\\Vamsi\\Recovery tool\\DataRecovery\\FileMonitor\\obj\\Debug\\Datarecovery.FileMonitor.csproj.FileListAbsolute.txt",
      "FileAction": "Upload",
      "FileActionDate": "2020-08-26T20:22:19.5756117+05:30",
      "Filestatus": "uploaded",
      "FilestatusDesc": "Uploaded Successfully"
    },
    {
      "UserName": null,
      "FileName": "FileMonitor.csproj.FileListAbsolute.txt",
      "FilePath": "C:\\Vamsi\\Recovery tool\\DataRecovery\\FileMonitor\\obj\\Debug\\FileMonitor.csproj.FileListAbsolute.txt",
      "FileAction": "Upload",
      "FileActionDate": "2020-08-26T20:22:20.5816692+05:30",
      "Filestatus": "uploaded",
      "FilestatusDesc": "Uploaded Successfully"
    },
    {
      "UserName": null,
      "FileName": "DataRecovery.FileMonitor.csproj.FileListAbsolute.txt",
      "FilePath": "C:\\Vamsi\\Recovery tool\\DataRecovery\\FileMonitor\\obj\\Release\\DataRecovery.FileMonitor.csproj.FileListAbsolute.txt",
      "FileAction": "Upload",
      "FileActionDate": "2020-08-26T20:22:21.6057278+05:30",
      "Filestatus": "uploaded",
      "FilestatusDesc": "Uploaded Successfully"
    },
    {
      "UserName": null,
      "FileName": "InventoryManager.csproj.FileListAbsolute.txt",
      "FilePath": "C:\\Vamsi\\Recovery tool\\DataRecovery\\InventoryManager\\obj\\Debug\\InventoryManager.csproj.FileListAbsolute.txt",
      "FileAction": "Upload",
      "FileActionDate": "2020-08-26T20:22:22.6297863+05:30",
      "Filestatus": "uploaded",
      "FilestatusDesc": "Uploaded Successfully"
    },
    {
      "UserName": null,
      "FileName": "LICENSE.TXT",
      "FilePath": "C:\\Vamsi\\Recovery tool\\DataRecovery\\packages\\Microsoft.Bcl.AsyncInterfaces.1.1.0\\LICENSE.TXT",
      "FileAction": "Upload",
      "FileActionDate": "2020-08-26T20:22:23.7398498+05:30",
      "Filestatus": "uploaded",
      "FilestatusDesc": "Uploaded Successfully"
    },
    {
      "UserName": null,
      "FileName": "THIRD-PARTY-NOTICES.TXT",
      "FilePath": "C:\\Vamsi\\Recovery tool\\DataRecovery\\packages\\Microsoft.Bcl.AsyncInterfaces.1.1.0\\THIRD-PARTY-NOTICES.TXT",
      "FileAction": "Upload",
      "FileActionDate": "2020-08-26T20:22:24.7419072+05:30",
      "Filestatus": "uploaded",
      "FilestatusDesc": "Uploaded Successfully"
    },
    {
      "UserName": null,
      "FileName": "useSharedDesignerContext.txt",
      "FilePath": "C:\\Vamsi\\Recovery tool\\DataRecovery\\packages\\Microsoft.Bcl.AsyncInterfaces.1.1.0\\useSharedDesignerContext.txt",
      "FileAction": "Upload",
      "FileActionDate": "2020-08-26T20:22:25.7479647+05:30",
      "Filestatus": "uploaded",
      "FilestatusDesc": "Uploaded Successfully"
    },
    {
      "UserName": null,
      "FileName": "version.txt",
      "FilePath": "C:\\Vamsi\\Recovery tool\\DataRecovery\\packages\\Microsoft.Bcl.AsyncInterfaces.1.1.0\\version.txt",
      "FileAction": "Upload",
      "FileActionDate": "2020-08-26T20:22:26.7550223+05:30",
      "Filestatus": "uploaded",
      "FilestatusDesc": "Uploaded Successfully"
    },
    {
      "UserName": null,
      "FileName": "LICENSE.TXT",
      "FilePath": "C:\\Vamsi\\Recovery tool\\DataRecovery\\packages\\System.Buffers.4.5.1\\LICENSE.TXT",
      "FileAction": "Upload",
      "FileActionDate": "2020-08-26T20:22:27.8560853+05:30",
      "Filestatus": "uploaded",
      "FilestatusDesc": "Uploaded Successfully"
    },
    {
      "UserName": null,
      "FileName": "THIRD-PARTY-NOTICES.TXT",
      "FilePath": "C:\\Vamsi\\Recovery tool\\DataRecovery\\packages\\System.Buffers.4.5.1\\THIRD-PARTY-NOTICES.TXT",
      "FileAction": "Upload",
      "FileActionDate": "2020-08-26T20:22:28.8621428+05:30",
      "Filestatus": "uploaded",
      "FilestatusDesc": "Uploaded Successfully"
    },
    {
      "UserName": null,
      "FileName": "useSharedDesignerContext.txt",
      "FilePath": "C:\\Vamsi\\Recovery tool\\DataRecovery\\packages\\System.Buffers.4.5.1\\useSharedDesignerContext.txt",
      "FileAction": "Upload",
      "FileActionDate": "2020-08-26T20:22:29.8652002+05:30",
      "Filestatus": "uploaded",
      "FilestatusDesc": "Uploaded Successfully"
    },
    {
      "UserName": null,
      "FileName": "version.txt",
      "FilePath": "C:\\Vamsi\\Recovery tool\\DataRecovery\\packages\\System.Buffers.4.5.1\\version.txt",
      "FileAction": "Upload",
      "FileActionDate": "2020-08-26T20:22:30.8702577+05:30",
      "Filestatus": "uploaded",
      "FilestatusDesc": "Uploaded Successfully"
    },
    {
      "UserName": null,
      "FileName": "LICENSE.TXT",
      "FilePath": "C:\\Vamsi\\Recovery tool\\DataRecovery\\packages\\System.Memory.4.5.4\\LICENSE.TXT",
      "FileAction": "Upload",
      "FileActionDate": "2020-08-26T20:22:31.9353186+05:30",
      "Filestatus": "uploaded",
      "FilestatusDesc": "Uploaded Successfully"
    },
    {
      "UserName": null,
      "FileName": "THIRD-PARTY-NOTICES.TXT",
      "FilePath": "C:\\Vamsi\\Recovery tool\\DataRecovery\\packages\\System.Memory.4.5.4\\THIRD-PARTY-NOTICES.TXT",
      "FileAction": "Upload",
      "FileActionDate": "2020-08-26T20:22:32.9403761+05:30",
      "Filestatus": "uploaded",
      "FilestatusDesc": "Uploaded Successfully"
    },
    {
      "UserName": null,
      "FileName": "useSharedDesignerContext.txt",
      "FilePath": "C:\\Vamsi\\Recovery tool\\DataRecovery\\packages\\System.Memory.4.5.4\\useSharedDesignerContext.txt",
      "FileAction": "Upload",
      "FileActionDate": "2020-08-26T20:22:33.9514339+05:30",
      "Filestatus": "uploaded",
      "FilestatusDesc": "Uploaded Successfully"
    },
    {
      "UserName": null,
      "FileName": "version.txt",
      "FilePath": "C:\\Vamsi\\Recovery tool\\DataRecovery\\packages\\System.Memory.4.5.4\\version.txt",
      "FileAction": "Upload",
      "FileActionDate": "2020-08-26T20:22:34.9594916+05:30",
      "Filestatus": "uploaded",
      "FilestatusDesc": "Uploaded Successfully"
    },
    {
      "UserName": null,
      "FileName": "LICENSE.TXT",
      "FilePath": "C:\\Vamsi\\Recovery tool\\DataRecovery\\packages\\System.Numerics.Vectors.4.5.0\\LICENSE.TXT",
      "FileAction": "Upload",
      "FileActionDate": "2020-08-26T20:22:35.9915506+05:30",
      "Filestatus": "uploaded",
      "FilestatusDesc": "Uploaded Successfully"
    },
    {
      "UserName": null,
      "FileName": "THIRD-PARTY-NOTICES.TXT",
      "FilePath": "C:\\Vamsi\\Recovery tool\\DataRecovery\\packages\\System.Numerics.Vectors.4.5.0\\THIRD-PARTY-NOTICES.TXT",
      "FileAction": "Upload",
      "FileActionDate": "2020-08-26T20:22:37.0006083+05:30",
      "Filestatus": "uploaded",
      "FilestatusDesc": "Uploaded Successfully"
    },
    {
      "UserName": null,
      "FileName": "useSharedDesignerContext.txt",
      "FilePath": "C:\\Vamsi\\Recovery tool\\DataRecovery\\packages\\System.Numerics.Vectors.4.5.0\\useSharedDesignerContext.txt",
      "FileAction": "Upload",
      "FileActionDate": "2020-08-26T20:22:38.009666+05:30",
      "Filestatus": "uploaded",
      "FilestatusDesc": "Uploaded Successfully"
    },
    {
      "UserName": null,
      "FileName": "version.txt",
      "FilePath": "C:\\Vamsi\\Recovery tool\\DataRecovery\\packages\\System.Numerics.Vectors.4.5.0\\version.txt",
      "FileAction": "Upload",
      "FileActionDate": "2020-08-26T20:22:39.0147235+05:30",
      "Filestatus": "uploaded",
      "FilestatusDesc": "Uploaded Successfully"
    },
    {
      "UserName": null,
      "FileName": "LICENSE.TXT",
      "FilePath": "C:\\Vamsi\\Recovery tool\\DataRecovery\\packages\\System.Runtime.CompilerServices.Unsafe.4.7.1\\LICENSE.TXT",
      "FileAction": "Upload",
      "FileActionDate": "2020-08-26T20:22:40.0857848+05:30",
      "Filestatus": "uploaded",
      "FilestatusDesc": "Uploaded Successfully"
    },
    {
      "UserName": null,
      "FileName": "THIRD-PARTY-NOTICES.TXT",
      "FilePath": "C:\\Vamsi\\Recovery tool\\DataRecovery\\packages\\System.Runtime.CompilerServices.Unsafe.4.7.1\\THIRD-PARTY-NOTICES.TXT",
      "FileAction": "Upload",
      "FileActionDate": "2020-08-26T20:22:41.0908423+05:30",
      "Filestatus": "uploaded",
      "FilestatusDesc": "Uploaded Successfully"
    },
    {
      "UserName": null,
      "FileName": "useSharedDesignerContext.txt",
      "FilePath": "C:\\Vamsi\\Recovery tool\\DataRecovery\\packages\\System.Runtime.CompilerServices.Unsafe.4.7.1\\useSharedDesignerContext.txt",
      "FileAction": "Upload",
      "FileActionDate": "2020-08-26T20:22:42.0978999+05:30",
      "Filestatus": "uploaded",
      "FilestatusDesc": "Uploaded Successfully"
    },
    {
      "UserName": null,
      "FileName": "version.txt",
      "FilePath": "C:\\Vamsi\\Recovery tool\\DataRecovery\\packages\\System.Runtime.CompilerServices.Unsafe.4.7.1\\version.txt",
      "FileAction": "Upload",
      "FileActionDate": "2020-08-26T20:22:43.1239585+05:30",
      "Filestatus": "uploaded",
      "FilestatusDesc": "Uploaded Successfully"
    },
    {
      "UserName": null,
      "FileName": "LICENSE.TXT",
      "FilePath": "C:\\Vamsi\\Recovery tool\\DataRecovery\\packages\\System.Text.Encodings.Web.4.7.1\\LICENSE.TXT",
      "FileAction": "Upload",
      "FileActionDate": "2020-08-26T20:22:44.164018+05:30",
      "Filestatus": "uploaded",
      "FilestatusDesc": "Uploaded Successfully"
    },
    {
      "UserName": null,
      "FileName": "THIRD-PARTY-NOTICES.TXT",
      "FilePath": "C:\\Vamsi\\Recovery tool\\DataRecovery\\packages\\System.Text.Encodings.Web.4.7.1\\THIRD-PARTY-NOTICES.TXT",
      "FileAction": "Upload",
      "FileActionDate": "2020-08-26T20:22:45.1710756+05:30",
      "Filestatus": "uploaded",
      "FilestatusDesc": "Uploaded Successfully"
    },
    {
      "UserName": null,
      "FileName": "useSharedDesignerContext.txt",
      "FilePath": "C:\\Vamsi\\Recovery tool\\DataRecovery\\packages\\System.Text.Encodings.Web.4.7.1\\useSharedDesignerContext.txt",
      "FileAction": "Upload",
      "FileActionDate": "2020-08-26T20:22:46.1781332+05:30",
      "Filestatus": "uploaded",
      "FilestatusDesc": "Uploaded Successfully"
    },
    {
      "UserName": null,
      "FileName": "version.txt",
      "FilePath": "C:\\Vamsi\\Recovery tool\\DataRecovery\\packages\\System.Text.Encodings.Web.4.7.1\\version.txt",
      "FileAction": "Upload",
      "FileActionDate": "2020-08-26T20:22:47.1851908+05:30",
      "Filestatus": "uploaded",
      "FilestatusDesc": "Uploaded Successfully"
    },
    {
      "UserName": null,
      "FileName": "LICENSE.TXT",
      "FilePath": "C:\\Vamsi\\Recovery tool\\DataRecovery\\packages\\System.Text.Json.4.7.2\\LICENSE.TXT",
      "FileAction": "Upload",
      "FileActionDate": "2020-08-26T20:22:48.2122496+05:30",
      "Filestatus": "uploaded",
      "FilestatusDesc": "Uploaded Successfully"
    },
    {
      "UserName": null,
      "FileName": "THIRD-PARTY-NOTICES.TXT",
      "FilePath": "C:\\Vamsi\\Recovery tool\\DataRecovery\\packages\\System.Text.Json.4.7.2\\THIRD-PARTY-NOTICES.TXT",
      "FileAction": "Upload",
      "FileActionDate": "2020-08-26T20:22:49.2203072+05:30",
      "Filestatus": "uploaded",
      "FilestatusDesc": "Uploaded Successfully"
    },
    {
      "UserName": null,
      "FileName": "useSharedDesignerContext.txt",
      "FilePath": "C:\\Vamsi\\Recovery tool\\DataRecovery\\packages\\System.Text.Json.4.7.2\\useSharedDesignerContext.txt",
      "FileAction": "Upload",
      "FileActionDate": "2020-08-26T20:22:50.229365+05:30",
      "Filestatus": "uploaded",
      "FilestatusDesc": "Uploaded Successfully"
    },
    {
      "UserName": null,
      "FileName": "version.txt",
      "FilePath": "C:\\Vamsi\\Recovery tool\\DataRecovery\\packages\\System.Text.Json.4.7.2\\version.txt",
      "FileAction": "Upload",
      "FileActionDate": "2020-08-26T20:22:51.2384227+05:30",
      "Filestatus": "uploaded",
      "FilestatusDesc": "Uploaded Successfully"
    },
    {
      "UserName": null,
      "FileName": "LICENSE.TXT",
      "FilePath": "C:\\Vamsi\\Recovery tool\\DataRecovery\\packages\\System.Threading.Tasks.Extensions.4.5.4\\LICENSE.TXT",
      "FileAction": "Upload",
      "FileActionDate": "2020-08-26T20:22:52.2664815+05:30",
      "Filestatus": "uploaded",
      "FilestatusDesc": "Uploaded Successfully"
    },
    {
      "UserName": null,
      "FileName": "THIRD-PARTY-NOTICES.TXT",
      "FilePath": "C:\\Vamsi\\Recovery tool\\DataRecovery\\packages\\System.Threading.Tasks.Extensions.4.5.4\\THIRD-PARTY-NOTICES.TXT",
      "FileAction": "Upload",
      "FileActionDate": "2020-08-26T20:22:53.2735391+05:30",
      "Filestatus": "uploaded",
      "FilestatusDesc": "Uploaded Successfully"
    },
    {
      "UserName": null,
      "FileName": "useSharedDesignerContext.txt",
      "FilePath": "C:\\Vamsi\\Recovery tool\\DataRecovery\\packages\\System.Threading.Tasks.Extensions.4.5.4\\useSharedDesignerContext.txt",
      "FileAction": "Upload",
      "FileActionDate": "2020-08-26T20:22:54.2835968+05:30",
      "Filestatus": "uploaded",
      "FilestatusDesc": "Uploaded Successfully"
    },
    {
      "UserName": null,
      "FileName": "version.txt",
      "FilePath": "C:\\Vamsi\\Recovery tool\\DataRecovery\\packages\\System.Threading.Tasks.Extensions.4.5.4\\version.txt",
      "FileAction": "Upload",
      "FileActionDate": "2020-08-26T20:22:55.2916545+05:30",
      "Filestatus": "uploaded",
      "FilestatusDesc": "Uploaded Successfully"
    },
    {
      "UserName": null,
      "FileName": "LICENSE.TXT",
      "FilePath": "C:\\Vamsi\\Recovery tool\\DataRecovery\\packages\\System.ValueTuple.4.5.0\\LICENSE.TXT",
      "FileAction": "Upload",
      "FileActionDate": "2020-08-26T20:22:56.3567154+05:30",
      "Filestatus": "uploaded",
      "FilestatusDesc": "Uploaded Successfully"
    },
    {
      "UserName": null,
      "FileName": "THIRD-PARTY-NOTICES.TXT",
      "FilePath": "C:\\Vamsi\\Recovery tool\\DataRecovery\\packages\\System.ValueTuple.4.5.0\\THIRD-PARTY-NOTICES.TXT",
      "FileAction": "Upload",
      "FileActionDate": "2020-08-26T20:22:57.3617729+05:30",
      "Filestatus": "uploaded",
      "FilestatusDesc": "Uploaded Successfully"
    },
    {
      "UserName": null,
      "FileName": "useSharedDesignerContext.txt",
      "FilePath": "C:\\Vamsi\\Recovery tool\\DataRecovery\\packages\\System.ValueTuple.4.5.0\\useSharedDesignerContext.txt",
      "FileAction": "Upload",
      "FileActionDate": "2020-08-26T20:22:58.3688305+05:30",
      "Filestatus": "uploaded",
      "FilestatusDesc": "Uploaded Successfully"
    },
    {
      "UserName": null,
      "FileName": "version.txt",
      "FilePath": "C:\\Vamsi\\Recovery tool\\DataRecovery\\packages\\System.ValueTuple.4.5.0\\version.txt",
      "FileAction": "Upload",
      "FileActionDate": "2020-08-26T20:22:59.3778882+05:30",
      "Filestatus": "uploaded",
      "FilestatusDesc": "Uploaded Successfully"
    },
    {
      "UserName": null,
      "FileName": "TestManager.csproj.FileListAbsolute.txt",
      "FilePath": "C:\\Vamsi\\Recovery tool\\DataRecovery\\TestManager\\obj\\Debug\\TestManager.csproj.FileListAbsolute.txt",
      "FileAction": "Upload",
      "FileActionDate": "2020-08-26T20:23:00.5059527+05:30",
      "Filestatus": "uploaded",
      "FilestatusDesc": "Uploaded Successfully"
    },
    {
      "UserName": null,
      "FileName": "TestManager.csproj.FileListAbsolute.txt",
      "FilePath": "C:\\Vamsi\\Recovery tool\\DataRecovery\\TestManager\\obj\\Release\\TestManager.csproj.FileListAbsolute.txt",
      "FileAction": "Upload",
      "FileActionDate": "2020-08-26T20:23:01.5210108+05:30",
      "Filestatus": "uploaded",
      "FilestatusDesc": "Uploaded Successfully"
    },
    {
      "UserName": null,
      "FileName": "DataRecoveryWebService.csproj.FileListAbsolute.txt",
      "FilePath": "C:\\Vamsi\\Recovery tool\\DataRecoveryWebService\\DataRecoveryWebService\\obj\\Debug\\DataRecoveryWebService.csproj.FileListAbsolute.txt",
      "FileAction": "Upload",
      "FileActionDate": "2020-08-26T20:23:02.7010783+05:30",
      "Filestatus": "uploaded",
      "FilestatusDesc": "Uploaded Successfully"
    },
    {
      "UserName": null,
      "FileName": "DataRecoveryWebService.csproj.FileListAbsolute.txt",
      "FilePath": "C:\\Vamsi\\Recovery tool\\DataRecoveryWebService\\DataRecoveryWebService\\obj\\Release\\DataRecoveryWebService.csproj.FileListAbsolute.txt",
      "FileAction": "Upload",
      "FileActionDate": "2020-08-26T20:23:03.7121361+05:30",
      "Filestatus": "uploaded",
      "FilestatusDesc": "Uploaded Successfully"
    },
    {
      "UserName": null,
      "FileName": "_WPPLastBuildInfo.txt",
      "FilePath": "C:\\Vamsi\\Recovery tool\\DataRecoveryWebService\\DataRecoveryWebService\\obj\\Release\\_WPPLastBuildInfo.txt",
      "FileAction": "Upload",
      "FileActionDate": "2020-08-26T20:23:04.7171936+05:30",
      "Filestatus": "uploaded",
      "FilestatusDesc": "Uploaded Successfully"
    },
    {
      "UserName": null,
      "FileName": "LICENSE.txt",
      "FilePath": "C:\\Vamsi\\Recovery tool\\DataRecoveryWebService\\packages\\bootstrap.3.4.1\\LICENSE.txt",
      "FileAction": "Upload",
      "FileActionDate": "2020-08-26T20:23:05.8812602+05:30",
      "Filestatus": "uploaded",
      "FilestatusDesc": "Uploaded Successfully"
    },
    {
      "UserName": null,
      "FileName": "about_EntityFramework6.help.txt",
      "FilePath": "C:\\Vamsi\\Recovery tool\\DataRecoveryWebService\\packages\\EntityFramework.6.4.4\\tools\\about_EntityFramework6.help.txt",
      "FileAction": "Upload",
      "FileActionDate": "2020-08-26T20:23:06.9583218+05:30",
      "Filestatus": "uploaded",
      "FilestatusDesc": "Uploaded Successfully"
    },
    {
      "UserName": null,
      "FileName": "LICENSE.TXT",
      "FilePath": "C:\\Vamsi\\Recovery tool\\DataRecoveryWebService\\packages\\Microsoft.Bcl.AsyncInterfaces.1.1.1\\LICENSE.TXT",
      "FileAction": "Upload",
      "FileActionDate": "2020-08-26T20:23:08.1283887+05:30",
      "Filestatus": "uploaded",
      "FilestatusDesc": "Uploaded Successfully"
    },
    {
      "UserName": null,
      "FileName": "THIRD-PARTY-NOTICES.TXT",
      "FilePath": "C:\\Vamsi\\Recovery tool\\DataRecoveryWebService\\packages\\Microsoft.Bcl.AsyncInterfaces.1.1.1\\THIRD-PARTY-NOTICES.TXT",
      "FileAction": "Upload",
      "FileActionDate": "2020-08-26T20:23:09.1324461+05:30",
      "Filestatus": "uploaded",
      "FilestatusDesc": "Uploaded Successfully"
    },
    {
      "UserName": null,
      "FileName": "useSharedDesignerContext.txt",
      "FilePath": "C:\\Vamsi\\Recovery tool\\DataRecoveryWebService\\packages\\Microsoft.Bcl.AsyncInterfaces.1.1.1\\useSharedDesignerContext.txt",
      "FileAction": "Upload",
      "FileActionDate": "2020-08-26T20:23:10.1385037+05:30",
      "Filestatus": "uploaded",
      "FilestatusDesc": "Uploaded Successfully"
    },
    {
      "UserName": null,
      "FileName": "version.txt",
      "FilePath": "C:\\Vamsi\\Recovery tool\\DataRecoveryWebService\\packages\\Microsoft.Bcl.AsyncInterfaces.1.1.1\\version.txt",
      "FileAction": "Upload",
      "FileActionDate": "2020-08-26T20:23:11.1425611+05:30",
      "Filestatus": "uploaded",
      "FilestatusDesc": "Uploaded Successfully"
    },
    {
      "UserName": null,
      "FileName": "LICENSE.TXT",
      "FilePath": "C:\\Vamsi\\Recovery tool\\DataRecoveryWebService\\packages\\Microsoft.Bcl.HashCode.1.1.0\\LICENSE.TXT",
      "FileAction": "Upload",
      "FileActionDate": "2020-08-26T20:23:12.1806205+05:30",
      "Filestatus": "uploaded",
      "FilestatusDesc": "Uploaded Successfully"
    },
    {
      "UserName": null,
      "FileName": "THIRD-PARTY-NOTICES.TXT",
      "FilePath": "C:\\Vamsi\\Recovery tool\\DataRecoveryWebService\\packages\\Microsoft.Bcl.HashCode.1.1.0\\THIRD-PARTY-NOTICES.TXT",
      "FileAction": "Upload",
      "FileActionDate": "2020-08-26T20:23:13.1836779+05:30",
      "Filestatus": "uploaded",
      "FilestatusDesc": "Uploaded Successfully"
    },
    {
      "UserName": null,
      "FileName": "useSharedDesignerContext.txt",
      "FilePath": "C:\\Vamsi\\Recovery tool\\DataRecoveryWebService\\packages\\Microsoft.Bcl.HashCode.1.1.0\\useSharedDesignerContext.txt",
      "FileAction": "Upload",
      "FileActionDate": "2020-08-26T20:23:14.1907355+05:30",
      "Filestatus": "uploaded",
      "FilestatusDesc": "Uploaded Successfully"
    },
    {
      "UserName": null,
      "FileName": "version.txt",
      "FilePath": "C:\\Vamsi\\Recovery tool\\DataRecoveryWebService\\packages\\Microsoft.Bcl.HashCode.1.1.0\\version.txt",
      "FileAction": "Upload",
      "FileActionDate": "2020-08-26T20:23:15.1977931+05:30",
      "Filestatus": "uploaded",
      "FilestatusDesc": "Uploaded Successfully"
    },
    {
      "UserName": null,
      "FileName": "LICENSE.txt",
      "FilePath": "C:\\Vamsi\\Recovery tool\\DataRecoveryWebService\\packages\\Microsoft.Data.SqlClient.SNI.1.0.19235.1\\LICENSE.txt",
      "FileAction": "Upload",
      "FileActionDate": "2020-08-26T20:23:16.3788606+05:30",
      "Filestatus": "uploaded",
      "FilestatusDesc": "Uploaded Successfully"
    },
    {
      "UserName": null,
      "FileName": "LICENSE.TXT",
      "FilePath": "C:\\Vamsi\\Recovery tool\\DataRecoveryWebService\\packages\\Swagger-Net.8.3.25.402\\LICENSE.TXT",
      "FileAction": "Upload",
      "FileActionDate": "2020-08-26T20:23:17.6149313+05:30",
      "Filestatus": "uploaded",
      "FilestatusDesc": "Uploaded Successfully"
    },
    {
      "UserName": null,
      "FileName": "LICENSE.TXT",
      "FilePath": "C:\\Vamsi\\Recovery tool\\DataRecoveryWebService\\packages\\System.Buffers.4.5.1\\LICENSE.TXT",
      "FileAction": "Upload",
      "FileActionDate": "2020-08-26T20:23:18.6449902+05:30",
      "Filestatus": "uploaded",
      "FilestatusDesc": "Uploaded Successfully"
    },
    {
      "UserName": null,
      "FileName": "THIRD-PARTY-NOTICES.TXT",
      "FilePath": "C:\\Vamsi\\Recovery tool\\DataRecoveryWebService\\packages\\System.Buffers.4.5.1\\THIRD-PARTY-NOTICES.TXT",
      "FileAction": "Upload",
      "FileActionDate": "2020-08-26T20:23:19.6530479+05:30",
      "Filestatus": "uploaded",
      "FilestatusDesc": "Uploaded Successfully"
    },
    {
      "UserName": null,
      "FileName": "useSharedDesignerContext.txt",
      "FilePath": "C:\\Vamsi\\Recovery tool\\DataRecoveryWebService\\packages\\System.Buffers.4.5.1\\useSharedDesignerContext.txt",
      "FileAction": "Upload",
      "FileActionDate": "2020-08-26T20:23:20.6631057+05:30",
      "Filestatus": "uploaded",
      "FilestatusDesc": "Uploaded Successfully"
    },
    {
      "UserName": null,
      "FileName": "version.txt",
      "FilePath": "C:\\Vamsi\\Recovery tool\\DataRecoveryWebService\\packages\\System.Buffers.4.5.1\\version.txt",
      "FileAction": "Upload",
      "FileActionDate": "2020-08-26T20:23:21.6751635+05:30",
      "Filestatus": "uploaded",
      "FilestatusDesc": "Uploaded Successfully"
    },
    {
      "UserName": null,
      "FileName": "LICENSE.TXT",
      "FilePath": "C:\\Vamsi\\Recovery tool\\DataRecoveryWebService\\packages\\System.Collections.Immutable.1.7.1\\LICENSE.TXT",
      "FileAction": "Upload",
      "FileActionDate": "2020-08-26T20:23:22.7432246+05:30",
      "Filestatus": "uploaded",
      "FilestatusDesc": "Uploaded Successfully"
    },
    {
      "UserName": null,
      "FileName": "THIRD-PARTY-NOTICES.TXT",
      "FilePath": "C:\\Vamsi\\Recovery tool\\DataRecoveryWebService\\packages\\System.Collections.Immutable.1.7.1\\THIRD-PARTY-NOTICES.TXT",
      "FileAction": "Upload",
      "FileActionDate": "2020-08-26T20:23:23.7492822+05:30",
      "Filestatus": "uploaded",
      "FilestatusDesc": "Uploaded Successfully"
    },
    {
      "UserName": null,
      "FileName": "useSharedDesignerContext.txt",
      "FilePath": "C:\\Vamsi\\Recovery tool\\DataRecoveryWebService\\packages\\System.Collections.Immutable.1.7.1\\useSharedDesignerContext.txt",
      "FileAction": "Upload",
      "FileActionDate": "2020-08-26T20:23:24.7583399+05:30",
      "Filestatus": "uploaded",
      "FilestatusDesc": "Uploaded Successfully"
    },
    {
      "UserName": null,
      "FileName": "version.txt",
      "FilePath": "C:\\Vamsi\\Recovery tool\\DataRecoveryWebService\\packages\\System.Collections.Immutable.1.7.1\\version.txt",
      "FileAction": "Upload",
      "FileActionDate": "2020-08-26T20:23:25.7773982+05:30",
      "Filestatus": "uploaded",
      "FilestatusDesc": "Uploaded Successfully"
    },
    {
      "UserName": null,
      "FileName": "LICENSE.TXT",
      "FilePath": "C:\\Vamsi\\Recovery tool\\DataRecoveryWebService\\packages\\System.ComponentModel.Annotations.4.7.0\\LICENSE.TXT",
      "FileAction": "Upload",
      "FileActionDate": "2020-08-26T20:23:26.8174577+05:30",
      "Filestatus": "uploaded",
      "FilestatusDesc": "Uploaded Successfully"
    },
    {
      "UserName": null,
      "FileName": "THIRD-PARTY-NOTICES.TXT",
      "FilePath": "C:\\Vamsi\\Recovery tool\\DataRecoveryWebService\\packages\\System.ComponentModel.Annotations.4.7.0\\THIRD-PARTY-NOTICES.TXT",
      "FileAction": "Upload",
      "FileActionDate": "2020-08-26T20:23:27.8245153+05:30",
      "Filestatus": "uploaded",
      "FilestatusDesc": "Uploaded Successfully"
    },
    {
      "UserName": null,
      "FileName": "useSharedDesignerContext.txt",
      "FilePath": "C:\\Vamsi\\Recovery tool\\DataRecoveryWebService\\packages\\System.ComponentModel.Annotations.4.7.0\\useSharedDesignerContext.txt",
      "FileAction": "Upload",
      "FileActionDate": "2020-08-26T20:23:28.8325729+05:30",
      "Filestatus": "uploaded",
      "FilestatusDesc": "Uploaded Successfully"
    },
    {
      "UserName": null,
      "FileName": "version.txt",
      "FilePath": "C:\\Vamsi\\Recovery tool\\DataRecoveryWebService\\packages\\System.ComponentModel.Annotations.4.7.0\\version.txt",
      "FileAction": "Upload",
      "FileActionDate": "2020-08-26T20:23:29.8436308+05:30",
      "Filestatus": "uploaded",
      "FilestatusDesc": "Uploaded Successfully"
    },
    {
      "UserName": null,
      "FileName": "dotnet_library_license.txt",
      "FilePath": "C:\\Vamsi\\Recovery tool\\DataRecoveryWebService\\packages\\System.Data.Common.4.3.0\\dotnet_library_license.txt",
      "FileAction": "Upload",
      "FileActionDate": "2020-08-26T20:23:31.0727011+05:30",
      "Filestatus": "uploaded",
      "FilestatusDesc": "Uploaded Successfully"
    },
    {
      "UserName": null,
      "FileName": "ThirdPartyNotices.txt",
      "FilePath": "C:\\Vamsi\\Recovery tool\\DataRecoveryWebService\\packages\\System.Data.Common.4.3.0\\ThirdPartyNotices.txt",
      "FileAction": "Upload",
      "FileActionDate": "2020-08-26T20:23:32.0767585+05:30",
      "Filestatus": "uploaded",
      "FilestatusDesc": "Uploaded Successfully"
    },
    {
      "UserName": null,
      "FileName": "LICENSE.TXT",
      "FilePath": "C:\\Vamsi\\Recovery tool\\DataRecoveryWebService\\packages\\System.Diagnostics.DiagnosticSource.4.7.1\\LICENSE.TXT",
      "FileAction": "Upload",
      "FileActionDate": "2020-08-26T20:23:33.2468254+05:30",
      "Filestatus": "uploaded",
      "FilestatusDesc": "Uploaded Successfully"
    },
    {
      "UserName": null,
      "FileName": "THIRD-PARTY-NOTICES.TXT",
      "FilePath": "C:\\Vamsi\\Recovery tool\\DataRecoveryWebService\\packages\\System.Diagnostics.DiagnosticSource.4.7.1\\THIRD-PARTY-NOTICES.TXT",
      "FileAction": "Upload",
      "FileActionDate": "2020-08-26T20:23:34.2518829+05:30",
      "Filestatus": "uploaded",
      "FilestatusDesc": "Uploaded Successfully"
    },
    {
      "UserName": null,
      "FileName": "useSharedDesignerContext.txt",
      "FilePath": "C:\\Vamsi\\Recovery tool\\DataRecoveryWebService\\packages\\System.Diagnostics.DiagnosticSource.4.7.1\\useSharedDesignerContext.txt",
      "FileAction": "Upload",
      "FileActionDate": "2020-08-26T20:23:35.2579404+05:30",
      "Filestatus": "uploaded",
      "FilestatusDesc": "Uploaded Successfully"
    },
    {
      "UserName": null,
      "FileName": "version.txt",
      "FilePath": "C:\\Vamsi\\Recovery tool\\DataRecoveryWebService\\packages\\System.Diagnostics.DiagnosticSource.4.7.1\\version.txt",
      "FileAction": "Upload",
      "FileActionDate": "2020-08-26T20:23:36.2699983+05:30",
      "Filestatus": "uploaded",
      "FilestatusDesc": "Uploaded Successfully"
    },
    {
      "UserName": null,
      "FileName": "LICENSE.TXT",
      "FilePath": "C:\\Vamsi\\Recovery tool\\DataRecoveryWebService\\packages\\System.Memory.4.5.4\\LICENSE.TXT",
      "FileAction": "Upload",
      "FileActionDate": "2020-08-26T20:23:37.3500601+05:30",
      "Filestatus": "uploaded",
      "FilestatusDesc": "Uploaded Successfully"
    },
    {
      "UserName": null,
      "FileName": "THIRD-PARTY-NOTICES.TXT",
      "FilePath": "C:\\Vamsi\\Recovery tool\\DataRecoveryWebService\\packages\\System.Memory.4.5.4\\THIRD-PARTY-NOTICES.TXT",
      "FileAction": "Upload",
      "FileActionDate": "2020-08-26T20:23:38.3581178+05:30",
      "Filestatus": "uploaded",
      "FilestatusDesc": "Uploaded Successfully"
    },
    {
      "UserName": null,
      "FileName": "useSharedDesignerContext.txt",
      "FilePath": "C:\\Vamsi\\Recovery tool\\DataRecoveryWebService\\packages\\System.Memory.4.5.4\\useSharedDesignerContext.txt",
      "FileAction": "Upload",
      "FileActionDate": "2020-08-26T20:23:39.3691756+05:30",
      "Filestatus": "uploaded",
      "FilestatusDesc": "Uploaded Successfully"
    },
    {
      "UserName": null,
      "FileName": "version.txt",
      "FilePath": "C:\\Vamsi\\Recovery tool\\DataRecoveryWebService\\packages\\System.Memory.4.5.4\\version.txt",
      "FileAction": "Upload",
      "FileActionDate": "2020-08-26T20:23:40.3752331+05:30",
      "Filestatus": "uploaded",
      "FilestatusDesc": "Uploaded Successfully"
    },
    {
      "UserName": null,
      "FileName": "LICENSE.TXT",
      "FilePath": "C:\\Vamsi\\Recovery tool\\DataRecoveryWebService\\packages\\System.Numerics.Vectors.4.5.0\\LICENSE.TXT",
      "FileAction": "Upload",
      "FileActionDate": "2020-08-26T20:23:41.4252932+05:30",
      "Filestatus": "uploaded",
      "FilestatusDesc": "Uploaded Successfully"
    },
    {
      "UserName": null,
      "FileName": "THIRD-PARTY-NOTICES.TXT",
      "FilePath": "C:\\Vamsi\\Recovery tool\\DataRecoveryWebService\\packages\\System.Numerics.Vectors.4.5.0\\THIRD-PARTY-NOTICES.TXT",
      "FileAction": "Upload",
      "FileActionDate": "2020-08-26T20:23:42.4503518+05:30",
      "Filestatus": "uploaded",
      "FilestatusDesc": "Uploaded Successfully"
    },
    {
      "UserName": null,
      "FileName": "useSharedDesignerContext.txt",
      "FilePath": "C:\\Vamsi\\Recovery tool\\DataRecoveryWebService\\packages\\System.Numerics.Vectors.4.5.0\\useSharedDesignerContext.txt",
      "FileAction": "Upload",
      "FileActionDate": "2020-08-26T20:23:43.4564094+05:30",
      "Filestatus": "uploaded",
      "FilestatusDesc": "Uploaded Successfully"
    },
    {
      "UserName": null,
      "FileName": "version.txt",
      "FilePath": "C:\\Vamsi\\Recovery tool\\DataRecoveryWebService\\packages\\System.Numerics.Vectors.4.5.0\\version.txt",
      "FileAction": "Upload",
      "FileActionDate": "2020-08-26T20:23:44.4654671+05:30",
      "Filestatus": "uploaded",
      "FilestatusDesc": "Uploaded Successfully"
    },
    {
      "UserName": null,
      "FileName": "LICENSE.TXT",
      "FilePath": "C:\\Vamsi\\Recovery tool\\DataRecoveryWebService\\packages\\System.Runtime.CompilerServices.Unsafe.4.7.1\\LICENSE.TXT",
      "FileAction": "Upload",
      "FileActionDate": "2020-08-26T20:23:45.5575295+05:30",
      "Filestatus": "uploaded",
      "FilestatusDesc": "Uploaded Successfully"
    },
    {
      "UserName": null,
      "FileName": "THIRD-PARTY-NOTICES.TXT",
      "FilePath": "C:\\Vamsi\\Recovery tool\\DataRecoveryWebService\\packages\\System.Runtime.CompilerServices.Unsafe.4.7.1\\THIRD-PARTY-NOTICES.TXT",
      "FileAction": "Upload",
      "FileActionDate": "2020-08-26T20:23:46.5635871+05:30",
      "Filestatus": "uploaded",
      "FilestatusDesc": "Uploaded Successfully"
    },
    {
      "UserName": null,
      "FileName": "useSharedDesignerContext.txt",
      "FilePath": "C:\\Vamsi\\Recovery tool\\DataRecoveryWebService\\packages\\System.Runtime.CompilerServices.Unsafe.4.7.1\\useSharedDesignerContext.txt",
      "FileAction": "Upload",
      "FileActionDate": "2020-08-26T20:23:47.5706447+05:30",
      "Filestatus": "uploaded",
      "FilestatusDesc": "Uploaded Successfully"
    },
    {
      "UserName": null,
      "FileName": "version.txt",
      "FilePath": "C:\\Vamsi\\Recovery tool\\DataRecoveryWebService\\packages\\System.Runtime.CompilerServices.Unsafe.4.7.1\\version.txt",
      "FileAction": "Upload",
      "FileActionDate": "2020-08-26T20:23:48.5797024+05:30",
      "Filestatus": "uploaded",
      "FilestatusDesc": "Uploaded Successfully"
    },
    {
      "UserName": null,
      "FileName": "LICENSE.TXT",
      "FilePath": "C:\\Vamsi\\Recovery tool\\DataRecoveryWebService\\packages\\System.Threading.Tasks.Extensions.4.5.4\\LICENSE.TXT",
      "FileAction": "Upload",
      "FileActionDate": "2020-08-26T20:23:49.6467634+05:30",
      "Filestatus": "uploaded",
      "FilestatusDesc": "Uploaded Successfully"
    },
    {
      "UserName": null,
      "FileName": "THIRD-PARTY-NOTICES.TXT",
      "FilePath": "C:\\Vamsi\\Recovery tool\\DataRecoveryWebService\\packages\\System.Threading.Tasks.Extensions.4.5.4\\THIRD-PARTY-NOTICES.TXT",
      "FileAction": "Upload",
      "FileActionDate": "2020-08-26T20:23:50.6568212+05:30",
      "Filestatus": "uploaded",
      "FilestatusDesc": "Uploaded Successfully"
    },
    {
      "UserName": null,
      "FileName": "useSharedDesignerContext.txt",
      "FilePath": "C:\\Vamsi\\Recovery tool\\DataRecoveryWebService\\packages\\System.Threading.Tasks.Extensions.4.5.4\\useSharedDesignerContext.txt",
      "FileAction": "Upload",
      "FileActionDate": "2020-08-26T20:23:51.6658789+05:30",
      "Filestatus": "uploaded",
      "FilestatusDesc": "Uploaded Successfully"
    },
    {
      "UserName": null,
      "FileName": "version.txt",
      "FilePath": "C:\\Vamsi\\Recovery tool\\DataRecoveryWebService\\packages\\System.Threading.Tasks.Extensions.4.5.4\\version.txt",
      "FileAction": "Upload",
      "FileActionDate": "2020-08-26T20:23:52.6709364+05:30",
      "Filestatus": "uploaded",
      "FilestatusDesc": "Uploaded Successfully"
    },
    {
      "UserName": null,
      "FileName": "New Text Document (2).txt",
      "FilePath": "C:\\Vamsi\\Recovery tool\\TestFiles\\New Text Document (2).txt",
      "FileAction": "Upload",
      "FileActionDate": "2020-08-26T20:23:53.870005+05:30",
      "Filestatus": "uploaded",
      "FilestatusDesc": "Uploaded Successfully"
    },
    {
      "UserName": null,
      "FileName": "New Text Document - Copy (2).txt",
      "FilePath": "C:\\Vamsi\\Recovery tool\\TestFiles\\New Text Document - Copy (2).txt",
      "FileAction": "Upload",
      "FileActionDate": "2020-08-26T20:23:54.8740624+05:30",
      "Filestatus": "uploaded",
      "FilestatusDesc": "Uploaded Successfully"
    },
    {
      "UserName": null,
      "FileName": "New Text Document - Copy (3).txt",
      "FilePath": "C:\\Vamsi\\Recovery tool\\TestFiles\\New Text Document - Copy (3).txt",
      "FileAction": "Upload",
      "FileActionDate": "2020-08-26T20:23:55.8861203+05:30",
      "Filestatus": "uploaded",
      "FilestatusDesc": "Uploaded Successfully"
    },
    {
      "UserName": null,
      "FileName": "New Text Document - Copy (4).txt",
      "FilePath": "C:\\Vamsi\\Recovery tool\\TestFiles\\New Text Document - Copy (4).txt",
      "FileAction": "Upload",
      "FileActionDate": "2020-08-26T20:23:56.8931779+05:30",
      "Filestatus": "uploaded",
      "FilestatusDesc": "Uploaded Successfully"
    },
    {
      "UserName": null,
      "FileName": "New Text Document - Copy (5).txt",
      "FilePath": "C:\\Vamsi\\Recovery tool\\TestFiles\\New Text Document - Copy (5).txt",
      "FileAction": "Upload",
      "FileActionDate": "2020-08-26T20:23:57.9072359+05:30",
      "Filestatus": "uploaded",
      "FilestatusDesc": "Uploaded Successfully"
    },
    {
      "UserName": null,
      "FileName": "New Text Document - Copy (6).txt",
      "FilePath": "C:\\Vamsi\\Recovery tool\\TestFiles\\New Text Document - Copy (6).txt",
      "FileAction": "Upload",
      "FileActionDate": "2020-08-26T20:23:58.9202938+05:30",
      "Filestatus": "uploaded",
      "FilestatusDesc": "Uploaded Successfully"
    },
    {
      "UserName": null,
      "FileName": "New Text Document - Copy (7).txt",
      "FilePath": "C:\\Vamsi\\Recovery tool\\TestFiles\\New Text Document - Copy (7).txt",
      "FileAction": "Upload",
      "FileActionDate": "2020-08-26T20:23:59.9303516+05:30",
      "Filestatus": "uploaded",
      "FilestatusDesc": "Uploaded Successfully"
    },
    {
      "UserName": null,
      "FileName": "New Text Document - Copy.txt",
      "FilePath": "C:\\Vamsi\\Recovery tool\\TestFiles\\New Text Document - Copy.txt",
      "FileAction": "Upload",
      "FileActionDate": "2020-08-26T20:24:00.9424095+05:30",
      "Filestatus": "uploaded",
      "FilestatusDesc": "Uploaded Successfully"
    }
  ]
}